First Name,Last Name,Role,Subject(s),Password
Debra,Hernandez,teacher,Mathematics,RfE7c3LvrEIFBswgHdxznw
Jackie,Hebert,teacher,Physics,hT67R2OSgBVAUGiWuOqMoA
Robert,Berger,teacher,Chemistry,FjZ375CUT_hed65KNJyssA
Patrick,Williams,teacher,Biology,ZNCd3WrAbOnoNmHuyg1_iQ
Shelley,Turner,teacher,Computer Science,IfMQyE8RHmGhh2ODysIypg
John,Jones,teacher,History,wgjkHoBwvoIUT568Q8wGmg
Joseph,Reed,teacher,Geography,xrRAygsol5SyJfIUHToe6w
Peter,Cline,teacher,English,_MQhbyoGkSoltLwb-JA_8g
Jeffrey,Huang,teacher,French,hZuOctDNBhBPSStds0Cb3Q
Wendy,Butler,teacher,Engineering,B99xknJfrOVbjNn2u9XKXA
Regina,Hall,student,"Mathematics, Chemistry, French",dWV5Meca68mzuhnZlw8Ixg
Henry,Fuentes,student,"Biology, Geography, Engineering",XfVOXC67cVdeZSiZusSihg
Michelle,Murray,student,"Mathematics, Engineering",-J8yXc7H9TTi-MuiUUBhJQ
Chase,Morales,student,Physics,Tql6jA7gyUvF_QPOhqc6Tg
Sylvia,Oconnor,student,French,tBG2u78bVY0DS-iTRX5PYg
Makayla,Moore,student,"English, French",u1XrwSjC0NQAWT045eEbqA
Andrea,Hughes,student,Chemistry,ILXHixQE7EHcI3S4_v_icQ
Pamela,Howell,student,"English, Geography",cdiKx4Q1qtcnuj_YI4pSww
Emily,Johnson,student,"Computer Science, Chemistry",2EbcB9VBluRju-8uUhIEsQ
Mario,Martinez,student,"English, History, Chemistry",M2XWuQinkokbo2VrWdAqTg
Karla,Day,student,"Physics, Chemistry, Computer Science",qdWad93pInsdAMS2H8gLjQ
Amanda,Cabrera,student,"Biology, Engineering",qNX4gL-sWIsBz3MmdkvSqQ
Juan,Riley,student,Computer Science,VIh6N3l2n2nMqhSmejwjrw
Troy,Coleman,student,Biology,LV5APiuH8ZS6G3JswgY_5A
Stuart,Clark,student,"Chemistry, Computer Science",r2wQ6diwVhVButGehZfLbA
Matthew,Holland,student,Geography,YsXXJ0hrjUfLNGzjKhdamw
Matthew,White,student,"Computer Science, Mathematics",oVx5gdfWlbdXe4KQ9cF5pg
Joseph,Reid,student,"Geography, Engineering, Chemistry",jLCgnd3xo5KDHF90jiB6bA
Rebecca,Webster,student,English,lvkz7s81PIhmqwozekNTQQ
Rodney,Sellers,student,Biology,Scdt_fxUL3k_IO3lSzmd-A
Justin,Hampton,student,"Physics, History",nEVmxEHQYoi4AL325x0SdA
Jacqueline,Willis,student,History,VCoP2xkrUtTUr_5K9ocYZg
Cynthia,Thompson,student,"Biology, Mathematics",B2HM2WKHF8RDMDJ-kbRCpQ
Catherine,Mendez,student,"Physics, Biology",rKIyZJ4Rp3dKLSKyyJE4tw
Amanda,Ferguson,student,"Chemistry, Biology, English",ljoDT2sBNo0A6lKS3uc_2w
Jason,Carter,student,"English, French, Mathematics",sZYeOVoT65Xq4gIrbCOv8w
Kayla,Lopez,student,Computer Science,kySGxxoRUHAM3siHYHfb8Q
Christopher,Colon,student,"Geography, Physics",sJPZ-M6k6FthoT_3NDgNwQ
Kimberly,Payne,student,"Computer Science, Chemistry",ZldQN7wqfOHoPUngVHCRPw
Deborah,Gray,student,"Chemistry, English, Computer Science",P_9kU1C7L1Z4Zk1HDwXJOw
Chase,Morales,student,Physics,Tql6jA7gyUvF_QPOhqc6Tg
Brittany,Rhodes,student,"Geography, Chemistry, History",z76mw5RzIBd8POq_uAqUfw
Philip,Fox,student,"Computer Science, Geography",WgL1YpuwLYQGsywIZ65JnQ
Chase,Schultz,student,Geography,3kV1QBxDd0_lqOMAApcgOA
Evelyn,Cain,student,French,38F994vopbowjZg65qTDeQ
Matthew,Holland,student,Geography,YsXXJ0hrjUfLNGzjKhdamw
Amber,Chapman,student,"Computer Science, English",mRsC6T4w2ITO-CCAkqwcAg
Candice,Harrison,student,Engineering,oNoPTDjwxud9bM0lOLfp0Q
Jonathan,Robertson,student,"English, Biology, Mathematics",B853pxa-PrlVJa9SoVD9LQ
Michael,Arias,student,"Mathematics, History, Chemistry",wGIu2-qlZdwHvmzsR9Q-Bw
Andrea,Lindsey,student,Engineering,VgCfEHIdEJrLK_WN8NbmTw
Melissa,Hernandez,student,"French, Physics",yjdDac9PKLpe8BHDqGw15A
Kyle,Obrien,student,"Geography, Chemistry, Mathematics",nQ-eCezL9oHKyHeh8FocHg
Aaron,Gonzalez,student,Geography,NiKAHYpBArnMVlJn9pT34g
Tammy,Patterson,student,"French, Mathematics",0Vd9R4TbdNTIUJpRujiPRw
Zachary,Phillips,student,"History, French",8sEGWb7icNIjR7T1rQjn6Q
Justin,Hampton,student,"Physics, History",nEVmxEHQYoi4AL325x0SdA
Pamela,Howell,student,"English, Geography",cdiKx4Q1qtcnuj_YI4pSww
Kayla,Lopez,student,Computer Science,kySGxxoRUHAM3siHYHfb8Q
Michael,Warner,student,"Geography, English, Biology",I2mk-x-0tHOso-QHZHMd1w
John,Meyer,student,History,pxXO4v2qQAJeZmGNgaPI2g
Tyler,Owens,student,Chemistry,4TWO0s7t-NXYwf58RMGFxw
Brandi,Martinez,student,Physics,0BmLuo6MKhUBi4Nuu2l-nA
Stuart,Clark,student,"Chemistry, Computer Science",r2wQ6diwVhVButGehZfLbA
Rebecca,Webster,student,English,lvkz7s81PIhmqwozekNTQQ
Jacob,Ross,student,"Computer Science, Geography, Chemistry",omg0PSGgxTBOQvl0R1OoJw
Danielle,Hartman,student,"Engineering, Biology, Geography",MWvZe2spH6Iv2tBWwZYEwA
Stephen,Jones,student,"Biology, English",PBpMIWNx8TpsQe6P3R0_lA
John,Martin,student,"Physics, Chemistry, Mathematics",2pzCC7ufiHNKNb1DeUDFMQ
Beth,Bennett,student,English,eVTxUPaaoa8zSR79mCZbVg
Kyle,Obrien,student,"Geography, Chemistry, Mathematics",nQ-eCezL9oHKyHeh8FocHg
Jacqueline,Willis,student,History,VCoP2xkrUtTUr_5K9ocYZg
Anthony,Floyd,student,"History, Geography, Chemistry",Mk91iv9rmzAaxuegjWIAZw
Jessica,Villanueva,student,Engineering,SHgxr70XXSVpE2Zbl8fKsQ
Jessica,Wilson,student,"Geography, Computer Science",VcH4pM2dAkXuuV7SHZNc7w
Stuart,Clark,student,"Chemistry, Computer Science",r2wQ6diwVhVButGehZfLbA
Deborah,Anderson,student,Engineering,QEq7oXvTbX2Ae20FEdMnKQ
Teresa,Garrett,student,"Computer Science, French, History",imyAQSy4l9pabxiQ03FJ2w
Sarah,Estrada,student,"History, French",KDZ6F1iNRy60uOqmYm24mQ
Joseph,Reid,student,"Geography, Engineering, Chemistry",jLCgnd3xo5KDHF90jiB6bA
David,Dean,student,"Computer Science, Engineering",v9tALswAEAS2u2KBiuHhbw
Nicole,Mendez,student,"Engineering, French, History",fj54q59mVQj7njmXNhHbhA
Cheryl,Johnson,student,"History, French, Geography",U0YeGHTDoIHbcUiusjHA3Q
Amanda,Ferguson,student,"Chemistry, Biology, English",ljoDT2sBNo0A6lKS3uc_2w
Natalie,Nunez,student,Geography,I_4o8Q2kpTLn9WrcKRRelQ
Shawn,Parker,student,"History, Geography",T5c2OlofMUhFIIsjOlU0FA
Gina,Brown,student,Mathematics,j-AOU9c3kBSP5nCy_AbE0A
Kimberly,Payne,student,"Computer Science, Chemistry",ZldQN7wqfOHoPUngVHCRPw
Brittany,Rhodes,student,"Geography, Chemistry, History",z76mw5RzIBd8POq_uAqUfw
Whitney,Kaufman,student,French,cxhD3A3rSwoJo6AyCoRDPA
Tammy,Patterson,student,"French, Mathematics",0Vd9R4TbdNTIUJpRujiPRw
Danielle,Hartman,student,"Engineering, Biology, Geography",MWvZe2spH6Iv2tBWwZYEwA
Derrick,Robertson,student,"Biology, History, Physics",7kyf1Dh_ewPqClIRi3KhLw
Andrea,Hughes,student,Chemistry,ILXHixQE7EHcI3S4_v_icQ
Henry,Fuentes,student,"Biology, Geography, Engineering",XfVOXC67cVdeZSiZusSihg
Cynthia,Hernandez,student,"Mathematics, Physics, History",Kom66fWEfwYg_7MKenSgMw
Michael,Ortiz,student,"History, Computer Science",QX2YrLm-n3KYkY5TP2s0dQ
Lauren,Mccullough,student,"Mathematics, French",whc9yo6RWGOSo8Bo4Sr7vQ
Katherine,Bradley,student,"French, English",IkSTMPubDReC96m1NB72KQ
Andrea,Lindsey,student,Engineering,VgCfEHIdEJrLK_WN8NbmTw
Melissa,Hernandez,student,"French, Physics",yjdDac9PKLpe8BHDqGw15A
Rebecca,Webster,student,English,lvkz7s81PIhmqwozekNTQQ
Amanda,Ferguson,student,"Chemistry, Biology, English",ljoDT2sBNo0A6lKS3uc_2w
Cynthia,Hernandez,student,"Mathematics, Physics, History",Kom66fWEfwYg_7MKenSgMw
Nicole,Mendez,student,"Engineering, French, History",fj54q59mVQj7njmXNhHbhA
Kayla,Patton,student,"Engineering, Mathematics",-PJwcIKr3c8yzgCJMfzD4w
Danielle,Murray,student,"Computer Science, Chemistry, English",_PEVkXbc3T_4RM_UyIXQGQ
Curtis,Torres,student,"Computer Science, Chemistry, Mathematics",obsVBBQGY3k-D9xC1q65Wg
Tyler,Owens,student,Chemistry,4TWO0s7t-NXYwf58RMGFxw
Pamela,Jones,student,"Biology, English, Mathematics",jiEgdiuUBFdBUcWf57Euwg
William,Mcdonald,student,"History, Mathematics, Biology",GB77BUktbFmoOs1eo4QgIA
Todd,Mccoy,student,Chemistry,hSkWEj0hhZqOkJQu6k-AfA
Sylvia,Turner,student,"Computer Science, Physics",RRbhXMTwHImQ3PksKnhoog
Mark,Cox,student,Biology,11M3z-TxAg_KYNDFeqqMvA
Amber,Chapman,student,"Computer Science, English",mRsC6T4w2ITO-CCAkqwcAg
Lauren,Mccullough,student,"Mathematics, French",whc9yo6RWGOSo8Bo4Sr7vQ
Chase,Morales,student,Physics,Tql6jA7gyUvF_QPOhqc6Tg
Jacob,Thomas,student,"Physics, French",PDH7S_-2dHAYPVkW_TwHbQ
Mary,Schwartz,student,"Geography, Chemistry, Biology",4ZT3s2No6GDVV4dhk1IGjA
Caitlin,Maxwell,student,"History, French, Computer Science",iyVlCIP-n6V7mEnwoKbxJg
Jonathan,Robertson,student,"English, Biology, Mathematics",B853pxa-PrlVJa9SoVD9LQ
Nicole,Dawson,student,"Chemistry, Mathematics, English",7_iEdNB0nUdkY8hiUe0gZg
Hailey,Burke,student,Geography,67aD8FxwbCbHHcRI8YtyeQ
Cheryl,Johnson,student,"History, French, Geography",U0YeGHTDoIHbcUiusjHA3Q
Cynthia,Miller,student,Geography,fT_g0mX1-Zrh43-hThX1dw
Susan,Hunt,student,"Physics, History, Geography",csf7rc3sMobFWzKQwjR9Gw
Matthew,White,student,"Computer Science, Mathematics",oVx5gdfWlbdXe4KQ9cF5pg
Stephen,Jones,student,"Biology, English",PBpMIWNx8TpsQe6P3R0_lA
Evelyn,Cain,student,French,38F994vopbowjZg65qTDeQ
Robert,Howard,student,"History, Computer Science",496ZuF2RgLM7Pd9v5DN3ig
Jessica,Wilson,student,"Geography, Computer Science",VcH4pM2dAkXuuV7SHZNc7w
Chase,Morales,student,Physics,Tql6jA7gyUvF_QPOhqc6Tg
William,Mcdonald,student,"History, Mathematics, Biology",GB77BUktbFmoOs1eo4QgIA
Susan,Hunt,student,"Physics, History, Geography",csf7rc3sMobFWzKQwjR9Gw
Andrea,Lindsey,student,Engineering,VgCfEHIdEJrLK_WN8NbmTw
Nicole,Dawson,student,"Chemistry, Mathematics, English",7_iEdNB0nUdkY8hiUe0gZg
Brandi,Martinez,student,Physics,0BmLuo6MKhUBi4Nuu2l-nA
Eric,Campbell,student,History,ZaEkrJcTSfZHhGktxZbC_Q
Kristi,Norris,student,"Geography, French",srd7XvmDa-3af2DpsVNNeQ
Aaron,Gonzalez,student,Geography,NiKAHYpBArnMVlJn9pT34g
Tyler,Owens,student,Chemistry,4TWO0s7t-NXYwf58RMGFxw
Todd,Mccoy,student,Chemistry,hSkWEj0hhZqOkJQu6k-AfA
Daniel,Mayo,student,"History, Physics, Computer Science",Eia4f2lp-H2hUDPrMOeCsQ
Lauren,Mccullough,student,"Mathematics, French",whc9yo6RWGOSo8Bo4Sr7vQ
Linda,Winters,student,Geography,KDgxL4PPBV77FhytmPdKaw
Beth,Bennett,student,English,eVTxUPaaoa8zSR79mCZbVg
Karla,Day,student,"Physics, Chemistry, Computer Science",qdWad93pInsdAMS2H8gLjQ
David,Dean,student,"Computer Science, Engineering",v9tALswAEAS2u2KBiuHhbw
Victoria,Summers,student,Biology,BR8_oRFOQOzR18rCT_tOag
Zachary,Phillips,student,"History, French",8sEGWb7icNIjR7T1rQjn6Q
Candice,Harrison,student,Engineering,oNoPTDjwxud9bM0lOLfp0Q
Antonio,Gregory,student,Physics,zqtTGmwWCV54vmaRxW8qGQ
Philip,Hood,student,Engineering,MNJe4otKWWX7_qQYmJjDuQ
Pamela,Howell,student,"English, Geography",cdiKx4Q1qtcnuj_YI4pSww
Kyle,Hall,student,"French, Chemistry, Mathematics",d20cGbcr0rbHmn6jDrILjQ
Jo,Ho,student,Geography,-7CR2UORajC-Z1i1UjUGuw
Kevin,Hughes,student,"English, Computer Science",dKVE_IqrY3BVVSh9AArNwA
Michael,Brown,student,"French, Biology, Geography",cShyCy59_GBle1a3L8nRRQ
Crystal,Mccall,student,Physics,2P338bm_2QIBa14m2r1leg
Sarah,Johnson,student,Biology,lVmgr7hj-tRlmGCTgnh-Vw
Sarah,Ayers,student,"Physics, Chemistry",K50DBOzFY3EZiupEL05gVw
Jo,Ho,student,Geography,-7CR2UORajC-Z1i1UjUGuw
Beth,Bennett,student,English,eVTxUPaaoa8zSR79mCZbVg
Alyssa,Leach,student,"French, Geography, Physics",us5JZ1_lq9iFe0aZWMkw5A
Kevin,Davis,student,"Chemistry, French",mdi48dhUGerfIJELn1jF_g
Krista,Ward,student,"Geography, Physics, Mathematics",IFbe4zG3kwGG64SspX19IA
Stuart,Clark,student,"Chemistry, Computer Science",r2wQ6diwVhVButGehZfLbA
Cameron,Mccarthy,student,Chemistry,b12XSFDNsiGlr8NMgKcqCA
Melissa,Wright,student,Biology,fFLD8JeiTCbPtaQIyUNrcA
Karla,Day,student,"Physics, Chemistry, Computer Science",qdWad93pInsdAMS2H8gLjQ
Deborah,Gray,student,"Chemistry, English, Computer Science",P_9kU1C7L1Z4Zk1HDwXJOw
Joseph,Terry,student,"Geography, Chemistry, Biology",Z6DSIjZPwIpWYIYPLH1fWg
Chad,Miller,student,"Geography, Computer Science",HTlbUyFaTiM7AZ8xpPPjHw
Chase,Schultz,student,Geography,3kV1QBxDd0_lqOMAApcgOA
Cynthia,Miller,student,Geography,fT_g0mX1-Zrh43-hThX1dw
Jonathan,Wilson,student,French,MgIqA83PqmI60DlMzXtxqw
Jonathan,Eaton,student,History,Q2VyPzu5Dlc4Q8RoG7_5Ww
Cheryl,Johnson,student,"History, French, Geography",U0YeGHTDoIHbcUiusjHA3Q
Christopher,Mcgee,student,Geography,mWX00SV5CLslw003_B3swQ
Nicole,Dawson,student,"Chemistry, Mathematics, English",7_iEdNB0nUdkY8hiUe0gZg
Gina,Brown,student,Mathematics,j-AOU9c3kBSP5nCy_AbE0A
Catherine,Mendez,student,"Physics, Biology",rKIyZJ4Rp3dKLSKyyJE4tw
Andrea,Lindsey,student,Engineering,VgCfEHIdEJrLK_WN8NbmTw
Kayla,Patton,student,"Engineering, Mathematics",-PJwcIKr3c8yzgCJMfzD4w
Jacob,Ross,student,"Computer Science, Geography, Chemistry",omg0PSGgxTBOQvl0R1OoJw
Jason,Carter,student,"English, French, Mathematics",sZYeOVoT65Xq4gIrbCOv8w
Michael,Ortiz,student,"History, Computer Science",QX2YrLm-n3KYkY5TP2s0dQ
Troy,Coleman,student,Biology,LV5APiuH8ZS6G3JswgY_5A
Andrew,Byrd,student,"Geography, History, Mathematics",d_rJbjnJ-Obd25xFqaK9TA
Matthew,Holland,student,Geography,YsXXJ0hrjUfLNGzjKhdamw
Jesse,Little,student,Chemistry,Yxp3fxXkj0tbfySG1Vc0rg
Kevin,Davis,student,"Chemistry, French",mdi48dhUGerfIJELn1jF_g
Penny,Washington,student,Physics,nZXBwW5Hx7Yaf7K9gbi6Uw
Peter,Green,student,English,PJ--NQbhoQKlg5y4DO6OnQ
Curtis,Torres,student,"Computer Science, Chemistry, Mathematics",obsVBBQGY3k-D9xC1q65Wg
Joseph,Reid,student,"Geography, Engineering, Chemistry",jLCgnd3xo5KDHF90jiB6bA
Victoria,Summers,student,Biology,BR8_oRFOQOzR18rCT_tOag
Crystal,Mccall,student,Physics,2P338bm_2QIBa14m2r1leg
Candice,Harrison,student,Engineering,oNoPTDjwxud9bM0lOLfp0Q
Nicole,Mendez,student,"Engineering, French, History",fj54q59mVQj7njmXNhHbhA
Michelle,Spencer,student,French,uXaY4GNb9Qg9zaT8esvRkQ
Jessica,Villanueva,student,Engineering,SHgxr70XXSVpE2Zbl8fKsQ
Jonathan,Eaton,student,History,Q2VyPzu5Dlc4Q8RoG7_5Ww
Juan,Riley,student,Computer Science,VIh6N3l2n2nMqhSmejwjrw
Deborah,Anderson,student,Engineering,QEq7oXvTbX2Ae20FEdMnKQ
Gina,Brown,student,Mathematics,j-AOU9c3kBSP5nCy_AbE0A
Michael,Ortiz,student,"History, Computer Science",QX2YrLm-n3KYkY5TP2s0dQ
Henry,Fuentes,student,"Biology, Geography, Engineering",XfVOXC67cVdeZSiZusSihg
Kimberly,Williams,student,"Physics, Computer Science, French",ILdfB_mS40lXc1pTl3gjjw
Derrick,Robertson,student,"Biology, History, Physics",7kyf1Dh_ewPqClIRi3KhLw
Sarah,Marks,student,"English, French",gsa0LKtEs3pbA_CnJCywfQ
Mary,Schwartz,student,"Geography, Chemistry, Biology",4ZT3s2No6GDVV4dhk1IGjA
Kyle,Mckinney,student,"History, Chemistry",esJYo-48aXlyAmfYKzReaA
Beth,Bennett,student,English,eVTxUPaaoa8zSR79mCZbVg
George,Lewis,student,Chemistry,haZL1Jw7yFHejYG5gC2X9Q
Philip,Hood,student,Engineering,MNJe4otKWWX7_qQYmJjDuQ
Preston,Dillon,student,"English, History, Mathematics",1eF2v0TZgeyoW3q4uUKI9w
Gary,Anderson,student,Geography,r05OmDQxSAAUZYbTed2fog
Michael,Arias,student,"Mathematics, History, Chemistry",wGIu2-qlZdwHvmzsR9Q-Bw
Matthew,White,student,"Computer Science, Mathematics",oVx5gdfWlbdXe4KQ9cF5pg
Ethan,Hebert,student,"English, Geography",qYCreDaX2BtV7bHyLuFj0Q
George,Lewis,student,Chemistry,haZL1Jw7yFHejYG5gC2X9Q
Regina,Hall,student,"Mathematics, Chemistry, French",dWV5Meca68mzuhnZlw8Ixg
David,Solis,student,"Computer Science, English",xngnnY5BaDbkjMxLha15Cw
Anthony,Nelson,student,"History, Chemistry",D_j_GIBijZYD0ElGeTj_dA
Andrea,Lindsey,student,Engineering,VgCfEHIdEJrLK_WN8NbmTw
Amy,Delgado,student,"Chemistry, English, Mathematics",NC4YP2gaT28WVhx3m4bncA
Kyle,Hall,student,"French, Chemistry, Mathematics",d20cGbcr0rbHmn6jDrILjQ
Nicole,Mendez,student,"Engineering, French, History",fj54q59mVQj7njmXNhHbhA
Jacob,Thomas,student,"Physics, French",PDH7S_-2dHAYPVkW_TwHbQ
Katherine,Bradley,student,"French, English",IkSTMPubDReC96m1NB72KQ
Krista,Ward,student,"Geography, Physics, Mathematics",IFbe4zG3kwGG64SspX19IA
Jessica,Wilson,student,"Geography, Computer Science",VcH4pM2dAkXuuV7SHZNc7w
Jessica,Villanueva,student,Engineering,SHgxr70XXSVpE2Zbl8fKsQ
Kathy,Kim,student,Chemistry,aiiVKXjnTRMGJzLQ5ggMyA
Gary,Anderson,student,Geography,r05OmDQxSAAUZYbTed2fog
Jonathan,Robertson,student,"English, Biology, Mathematics",B853pxa-PrlVJa9SoVD9LQ
Sylvia,Turner,student,"Computer Science, Physics",RRbhXMTwHImQ3PksKnhoog
Andrew,Byrd,student,"Geography, History, Mathematics",d_rJbjnJ-Obd25xFqaK9TA
Brittany,Rhodes,student,"Geography, Chemistry, History",z76mw5RzIBd8POq_uAqUfw
Michelle,Spencer,student,French,uXaY4GNb9Qg9zaT8esvRkQ
Jonathan,Eaton,student,History,Q2VyPzu5Dlc4Q8RoG7_5Ww
Deborah,Anderson,student,Engineering,QEq7oXvTbX2Ae20FEdMnKQ
Chase,Morales,student,Physics,Tql6jA7gyUvF_QPOhqc6Tg
Amanda,Cabrera,student,"Biology, Engineering",qNX4gL-sWIsBz3MmdkvSqQ
Jacqueline,Willis,student,History,VCoP2xkrUtTUr_5K9ocYZg
Mary,Schwartz,student,"Geography, Chemistry, Biology",4ZT3s2No6GDVV4dhk1IGjA
Cameron,Mccarthy,student,Chemistry,b12XSFDNsiGlr8NMgKcqCA
Timothy,Edwards,student,"History, Physics, English",YYdbovmVuFmfD2aD7TpzMw
Sarah,Johnson,student,Biology,lVmgr7hj-tRlmGCTgnh-Vw
Mark,Cox,student,Biology,11M3z-TxAg_KYNDFeqqMvA
Jessica,Wilson,student,"Geography, Computer Science",VcH4pM2dAkXuuV7SHZNc7w
Christopher,Mcgee,student,Geography,mWX00SV5CLslw003_B3swQ
Danielle,Hartman,student,"Engineering, Biology, Geography",MWvZe2spH6Iv2tBWwZYEwA
Jonathan,Eaton,student,History,Q2VyPzu5Dlc4Q8RoG7_5Ww
Natalie,Nunez,student,Geography,I_4o8Q2kpTLn9WrcKRRelQ
Chase,Schultz,student,Geography,3kV1QBxDd0_lqOMAApcgOA
Jeremy,Mcpherson,student,"Biology, Chemistry",G09dBhVX_pgLoGTWVUkM2A
Crystal,Mccall,student,Physics,2P338bm_2QIBa14m2r1leg
Michael,Ortiz,student,"History, Computer Science",QX2YrLm-n3KYkY5TP2s0dQ
Kyle,Obrien,student,"Geography, Chemistry, Mathematics",nQ-eCezL9oHKyHeh8FocHg
Timothy,Smith,student,History,oLQkRDyeJdgg9XH2mx5nPg
Kevin,Davis,student,"Chemistry, French",mdi48dhUGerfIJELn1jF_g
Chase,Morales,student,Physics,Tql6jA7gyUvF_QPOhqc6Tg
Rebecca,Walsh,student,Physics,jPmQYqHKeFAm13Kp58B3vg
Cynthia,Miller,student,Geography,fT_g0mX1-Zrh43-hThX1dw
Makayla,Moore,student,"English, French",u1XrwSjC0NQAWT045eEbqA
Jonathan,Robertson,student,"English, Biology, Mathematics",B853pxa-PrlVJa9SoVD9LQ
Robert,Howard,student,"History, Computer Science",496ZuF2RgLM7Pd9v5DN3ig
Brandi,Martinez,student,Physics,0BmLuo6MKhUBi4Nuu2l-nA
Joseph,Terry,student,"Geography, Chemistry, Biology",Z6DSIjZPwIpWYIYPLH1fWg
Preston,Dillon,student,"English, History, Mathematics",1eF2v0TZgeyoW3q4uUKI9w
Chad,Miller,student,"Geography, Computer Science",HTlbUyFaTiM7AZ8xpPPjHw
Philip,Hood,student,Engineering,MNJe4otKWWX7_qQYmJjDuQ
Kristi,Norris,student,"Geography, French",srd7XvmDa-3af2DpsVNNeQ
Philip,Fox,student,"Computer Science, Geography",WgL1YpuwLYQGsywIZ65JnQ
Jo,Ho,student,Geography,-7CR2UORajC-Z1i1UjUGuw
Beth,Bennett,student,English,eVTxUPaaoa8zSR79mCZbVg
Ashley,Harvey,student,"English, Physics, Mathematics",jwcY4zJl3DER85ymDUA51A
Melissa,Wright,student,Biology,fFLD8JeiTCbPtaQIyUNrcA
Amanda,Cabrera,student,"Biology, Engineering",qNX4gL-sWIsBz3MmdkvSqQ
Michelle,Spencer,student,French,uXaY4GNb9Qg9zaT8esvRkQ
Michael,Warner,student,"Geography, English, Biology",I2mk-x-0tHOso-QHZHMd1w
Melissa,Wright,student,Biology,fFLD8JeiTCbPtaQIyUNrcA
Kimberly,Payne,student,"Computer Science, Chemistry",ZldQN7wqfOHoPUngVHCRPw
John,Meyer,student,History,pxXO4v2qQAJeZmGNgaPI2g
Henry,Fuentes,student,"Biology, Geography, Engineering",XfVOXC67cVdeZSiZusSihg
Holly,Johnson,student,"Computer Science, Engineering, English",GTvRTYFmUWQiiobUekJDcw
George,Lewis,student,Chemistry,haZL1Jw7yFHejYG5gC2X9Q
Whitney,Kaufman,student,French,cxhD3A3rSwoJo6AyCoRDPA
Jacob,Ross,student,"Computer Science, Geography, Chemistry",omg0PSGgxTBOQvl0R1OoJw
Michael,Brown,student,"French, Biology, Geography",cShyCy59_GBle1a3L8nRRQ
Daniel,Mayo,student,"History, Physics, Computer Science",Eia4f2lp-H2hUDPrMOeCsQ
Penny,Washington,student,Physics,nZXBwW5Hx7Yaf7K9gbi6Uw
Hailey,Burke,student,Geography,67aD8FxwbCbHHcRI8YtyeQ
Jacqueline,Willis,student,History,VCoP2xkrUtTUr_5K9ocYZg
Lauren,Mccullough,student,"Mathematics, French",whc9yo6RWGOSo8Bo4Sr7vQ
Gina,Brown,student,Mathematics,j-AOU9c3kBSP5nCy_AbE0A
Antonio,Gregory,student,Physics,zqtTGmwWCV54vmaRxW8qGQ
Justin,Hampton,student,"Physics, History",nEVmxEHQYoi4AL325x0SdA
Ashley,Harvey,student,"English, Physics, Mathematics",jwcY4zJl3DER85ymDUA51A
Philip,Fox,student,"Computer Science, Geography",WgL1YpuwLYQGsywIZ65JnQ
Christopher,Colon,student,"Geography, Physics",sJPZ-M6k6FthoT_3NDgNwQ
Jonathan,Eaton,student,History,Q2VyPzu5Dlc4Q8RoG7_5Ww
Sarah,Marks,student,"English, French",gsa0LKtEs3pbA_CnJCywfQ
Kyle,Hall,student,"French, Chemistry, Mathematics",d20cGbcr0rbHmn6jDrILjQ
Frank,Steele,student,"Mathematics, Geography, Chemistry",XxdRndqGvMPR1DWf3SDj1g
Jacob,Graves,student,"English, French",HCyUBRxLAmLDJi1PrcZcEg
Jeremy,Mcpherson,student,"Biology, Chemistry",G09dBhVX_pgLoGTWVUkM2A
Susan,Hunt,student,"Physics, History, Geography",csf7rc3sMobFWzKQwjR9Gw
